age,workclass,fnlwgt,education,education_num,marital_status,occupation,relationship,race,sex,capital_gain,capital_loss,hours_per_week,native_country,capital_gain__log,capital_gain__bin,age__x__fnlwgt,age__x__education_num,age__div__education_num,age__x__capital_gain,age__div__capital_gain,age__x__capital_loss,age__div__capital_loss,age__x__hours_per_week,age__minus__hours_per_week,age__div__hours_per_week,fnlwgt__x__education_num,fnlwgt__div__education_num,fnlwgt__x__capital_gain,fnlwgt__div__capital_gain,fnlwgt__x__capital_loss,fnlwgt__div__capital_loss,fnlwgt__x__hours_per_week,fnlwgt__div__hours_per_week,education_num__x__capital_gain,education_num__div__capital_gain,income
46,Federal-gov,89231,HS-grad,9,Married-civ-spouse,Tech-support,Wife,Amer-Indian-Eskimo,Female,0,2824,30,South,0.0,0,4104626,414,5.111111105432098,0,4600000000.0,129904,0.016288951841302093,1380,16,1.5333333328222223,803079,9914.555544539382,0,8923100000000.0,251988344,31.597379603287546,2676930,2974.366665675211,0,900000000.0,0
25,Without-pay,108121,12th,8,Married-civ-spouse,Handlers-cleaners,Husband,Other,Male,15024,0,25,Germany,9.617470759403409,1,2703025,200,3.1249999960937496,375600,0.0016640042598497977,0,2500000000.0,625,0,0.9999999996,864968,13515.124983106092,1624409904,7.196552183168799,0,10812100000000.0,2703025,4324.839998270064,120192,0.0005324813631519352,0
46,Self-emp-not-inc,275803,HS-grad,9,Divorced,Tech-support,Not-in-family,Asian-Pac-Islander,Female,0,0,40,Philippines,0.0,0,12686938,414,5.111111105432098,0,4600000000.0,0,4600000000.0,1840,6,1.1499999997124999,2482227,30644.77774372802,0,27580300000000.0,0,27580300000000.0,11032120,6895.074998276231,0,900000000.0,1
37,Local-gov,273976,Doctorate,16,Never-married,Adm-clerical,Other-relative,Other,Male,0,2824,55,United-States,0.0,0,10137112,592,2.3124999985546872,0,3700000000.0,104488,0.013101983002786467,2035,-18,0.6727272726049587,4383616,17123.499989297812,0,27397600000000.0,773708224,97.01699716679526,15068680,4981.381817276112,0,1600000000.0,0
45,Without-pay,60876,Some-college,10,Married-spouse-absent,Farming-fishing,Not-in-family,Amer-Indian-Eskimo,Female,0,1902,50,Germany,0.0,0,2739420,450,4.4999999955,0,4500000000.0,85590,0.02365930599356646,2250,-5,0.89999999982,608760,6087.599993912399,0,6087600000000.0,115786152,32.00630914809671,3043800,1217.519999756496,0,1000000000.0,0
26,Self-emp-inc,123285,Some-college,10,Married-spouse-absent,Protective-serv,Unmarried,Black,Female,0,2042,45,South,0.0,0,3205410,260,2.5999999974,0,2600000000.0,53092,0.01273261508318936,1170,-19,0.5777777776493827,1232850,12328.4999876715,0,12328500000000.0,251747970,60.37463271273079,5547825,2739.6666660578517,0,1000000000.0,0
28,Self-emp-not-inc,382911,1st-4th,2,Never-married,Sales,Own-child,Black,Female,99999,0,50,Puerto-Rico,11.512925464970229,1,10721508,56,13.999999930000001,2799972,0.00028000280002797226,0,2800000000.0,1400,-22,0.559999999888,765822,191455.4990427225,38290717089,3.829148291482532,0,38291100000000.0,19145550,7658.219998468356,199998,2.000020000199802e-05,0
20,Local-gov,361468,5th-6th,3,Married-civ-spouse,Armed-Forces,Wife,Other,Female,99999,0,50,China,11.512925464970229,1,7229360,60,6.666666644444445,1999980,0.0002000020000199802,0,2000000000.0,1000,-30,0.39999999992,1084404,120489.33293170223,36146438532,3.6147161471611104,0,36146800000000.0,18073400,7229.359998554128,299997,3.000030000299703e-05,0
36,State-gov,393961,10th,6,Never-married,Prof-specialty,Other-relative,Other,Male,0,0,38,Jamaica,0.0,0,14182596,216,5.99999999,0,3600000000.0,0,3600000000.0,1368,-2,0.9473684208033241,2363766,65660.16655723305,0,39396100000000.0,0,39396100000000.0,14970518,10367.394734113843,0,600000000.0,1
64,Without-pay,199384,Assoc-acdm,12,Separated,Handlers-cleaners,Other-relative,Other,Male,0,0,50,India,0.0,0,12760576,768,5.333333328888888,0,6400000000.0,0,6400000000.0,3200,14,1.279999999744,2392608,16615.33331948722,0,19938400000000.0,0,19938400000000.0,9969200,3987.679999202464,0,1200000000.0,0
63,Federal-gov,88824,7th-8th,4,Separated,Farming-fishing,Unmarried,Asian-Pac-Islander,Male,0,0,30,England,0.0,0,5595912,252,15.749999960625,0,6300000000.0,0,6300000000.0,1890,33,2.0999999993,355296,22205.999944485,0,8882400000000.0,0,8882400000000.0,2664720,2960.7999990130666,0,400000000.0,0
32,State-gov,125109,12th,8,Married-AF-spouse,Farming-fishing,Other-relative,Black,Female,0,0,38,India,0.0,0,4003488,256,3.9999999949999996,0,3200000000.0,0,3200000000.0,1216,-6,0.8421052629362881,1000872,15638.624980451717,0,12510900000000.0,0,12510900000000.0,4754142,3292.342104396752,0,800000000.0,0
62,Self-emp-not-inc,82645,10th,6,Divorced,Craft-repair,Unmarried,Other,Male,7688,0,40,Japan,8.94754601503218,0,5123990,372,10.333333316111112,476656,0.008064516129021768,0,6200000000.0,2480,22,1.5499999996125,495870,13774.166643709723,635374760,10.749869927145227,0,8264500000000.0,3305800,2066.124999483469,46128,0.0007804370447440421,0
36,State-gov,359219,9th,5,Married-spouse-absent,Priv-house-serv,Not-in-family,Asian-Pac-Islander,Female,0,0,55,Japan,0.0,0,12931884,180,7.1999999856,0,3600000000.0,0,3600000000.0,1980,-19,0.6545454544264463,1796095,71843.7998563124,0,35921900000000.0,0,35921900000000.0,19757045,6531.254544267044,0,500000000.0,0
36,Federal-gov,356277,Assoc-voc,11,Divorced,Farming-fishing,Not-in-family,Black,Male,0,0,20,England,0.0,0,12825972,396,3.2727272697520657,0,3600000000.0,0,3600000000.0,720,16,1.7999999991,3919047,32388.8181523738,0,35627700000000.0,0,35627700000000.0,7125540,17813.849991093073,0,1100000000.0,0
43,State-gov,259546,Assoc-voc,11,Never-married,Armed-Forces,Unmarried,Black,Female,0,2824,45,South,0.0,0,11160478,473,3.9090909055371896,0,4300000000.0,121432,0.015226628895130217,1935,-2,0.9555555553432099,2855006,23595.090887640825,0,25954600000000.0,732957904,91.90722379570855,11679570,5767.68888760718,0,1100000000.0,1
43,Without-pay,249767,11th,7,Married-civ-spouse,Adm-clerical,Wife,Amer-Indian-Eskimo,Female,0,0,50,Cuba,0.0,0,10739981,301,6.142857134081633,0,4300000000.0,0,4300000000.0,2150,-7,0.859999999828,1748369,35680.999949027144,0,24976700000000.0,0,24976700000000.0,12488350,4995.339999000932,0,700000000.0,1
52,State-gov,361974,HS-grad,9,Divorced,Exec-managerial,Not-in-family,Black,Male,0,0,38,England,0.0,0,18822648,468,5.777777771358024,0,5200000000.0,0,5200000000.0,1976,14,1.3684210522714682,3257766,40219.33328864518,0,36197400000000.0,0,36197400000000.0,13755012,9525.631576440623,0,900000000.0,0
47,Without-pay,227892,Doctorate,16,Married-AF-spouse,Transport-moving,Other-relative,White,Male,0,0,40,India,0.0,0,10710924,752,2.9374999981640624,0,4700000000.0,0,4700000000.0,1880,7,1.17499999970625,3646272,14243.249991097968,0,22789200000000.0,0,22789200000000.0,9115680,5697.299998575675,0,1600000000.0,0
36,Self-emp-not-inc,98084,HS-grad,9,Married-civ-spouse,Exec-managerial,Husband,Other,Male,5178,0,40,England,8.552367266423891,0,3531024,324,3.999999995555555,186408,0.006952491309372436,0,3600000000.0,1440,-4,0.899999999775,882756,10898.222210113085,507878952,18.942448821902392,0,9808400000000.0,3923360,2452.099999386975,46602,0.001738122827343109,0
64,Federal-gov,395496,Prof-school,15,Widowed,Sales,Unmarried,Amer-Indian-Eskimo,Female,0,0,25,Japan,0.0,0,25311744,960,4.266666663822222,0,6400000000.0,0,6400000000.0,1600,39,2.559999998976,5932440,26366.399982422397,0,39549600000000.0,0,39549600000000.0,9887400,15819.839993672063,0,1500000000.0,0
57,Without-pay,178710,7th-8th,4,Married-AF-spouse,Machine-op-inspct,Other-relative,White,Female,14084,0,40,Mexico,9.552865680310473,1,10186470,228,14.249999964375,802788,0.004047145697242227,0,5700000000.0,2280,17,1.42499999964375,714840,44677.49988830625,2516951640,12.688866799195761,0,17871000000000.0,7148400,4467.749998883062,56336,0.0002840102243678756,0
34,State-gov,163447,12th,8,Divorced,Priv-house-serv,Not-in-family,Other,Male,7688,0,35,Mexico,8.94754601503218,0,5557198,272,4.249999994687499,261392,0.004422476586882905,0,3400000000.0,1190,-1,0.9714285711510204,1307576,20430.874974461403,1256580536,21.260015608713243,0,16344700000000.0,5720645,4669.914284380025,61504,0.0010405827263253896,1
59,Self-emp-not-inc,302370,Some-college,10,Widowed,Craft-repair,Not-in-family,Other,Male,0,0,40,England,0.0,0,17839830,590,5.8999999941,0,5900000000.0,0,5900000000.0,2360,19,1.47499999963125,3023700,30236.999969762997,0,30237000000000.0,0,30237000000000.0,12094800,7559.249998110187,0,1000000000.0,0
45,Private,278619,Masters,14,Widowed,Handlers-cleaners,Not-in-family,Black,Male,0,0,60,England,0.0,0,12537855,630,3.214285711989796,0,4500000000.0,0,4500000000.0,2700,-15,0.749999999875,3900666,19901.35712864189,0,27861900000000.0,0,27861900000000.0,16717140,4643.649999226058,0,1400000000.0,0
57,Federal-gov,97384,Some-college,10,Married-civ-spouse,Transport-moving,Husband,White,Male,0,0,60,El-Salvador,0.0,0,5550888,570,5.6999999943,0,5700000000.0,0,5700000000.0,3420,-3,0.9499999998416666,973840,9738.3999902616,0,9738400000000.0,0,9738400000000.0,5843040,1623.0666663961556,0,1000000000.0,0
65,Federal-gov,107175,Prof-school,15,Separated,Priv-house-serv,Unmarried,Black,Male,0,0,50,India,0.0,0,6966375,975,4.333333330444444,0,6500000000.0,0,6500000000.0,3250,15,1.29999999974,1607625,7144.999995236666,0,10717500000000.0,0,10717500000000.0,5358750,2143.4999995713,0,1500000000.0,1
58,Private,118897,HS-grad,9,Married-spouse-absent,Exec-managerial,Not-in-family,Amer-Indian-Eskimo,Male,14084,0,60,South,9.552865680310473,1,6896026,522,6.44444443728395,816872,0.004118148253334196,0,5800000000.0,3480,-2,0.9666666665055555,1070073,13210.777763099135,1674545348,8.441990911666826,0,11889700000000.0,7133820,1981.6166663363972,126756,0.0006390230048277201,0
23,Private,271907,Bachelors,13,Married-civ-spouse,Sales,Wife,Amer-Indian-Eskimo,Female,7688,2042,45,India,8.94754601503218,0,6253861,299,1.7692307678698225,176824,0.002991675338185495,46966,0.011263467188975205,1035,-22,0.5111111109975308,3534791,20915.923060833906,2090421016,35.367715920869706,555234094,133.1571988240296,12235815,6042.377776435027,99944,0.001690946930278758,0
28,Federal-gov,361328,11th,7,Divorced,Adm-clerical,Not-in-family,Amer-Indian-Eskimo,Male,0,0,60,United-States,0.0,0,10117184,196,3.9999999942857145,0,2800000000.0,0,2800000000.0,1680,-32,0.4666666665888889,2529296,51618.285640545306,0,36132800000000.0,0,36132800000000.0,21679680,6022.133332329644,0,700000000.0,1
28,State-gov,341382,Some-college,10,Separated,Handlers-cleaners,Unmarried,Other,Male,0,0,60,Jamaica,0.0,0,9558696,280,2.7999999971999996,0,2800000000.0,0,2800000000.0,1680,-32,0.4666666665888889,3413820,34138.1999658618,0,34138200000000.0,0,34138200000000.0,20482920,5689.699999051717,0,1000000000.0,0
46,Self-emp-inc,133035,12th,8,Married-spouse-absent,Craft-repair,Other-relative,Black,Female,15024,0,60,United-States,9.617470759403409,1,6119610,368,5.7499999928125,691104,0.0030617678381236273,0,4600000000.0,2760,-14,0.7666666665388889,1064280,16629.37497921328,1998717840,8.854832268364714,0,13303500000000.0,7982100,2217.249999630458,120192,0.0005324813631519352,1
34,Private,150168,1st-4th,2,Never-married,Farming-fishing,Unmarried,Asian-Pac-Islander,Female,7688,0,45,Puerto-Rico,8.94754601503218,0,5105712,68,16.999999915,261392,0.004422476586882905,0,3400000000.0,1530,-11,0.7555555553876543,300336,75083.99962458,1154491584,19.532778355853885,0,15016800000000.0,6757560,3337.0666659250965,15376,0.0002601456815813474,0
25,Federal-gov,362775,Bachelors,13,Never-married,Farming-fishing,Own-child,Amer-Indian-Eskimo,Male,0,0,25,Puerto-Rico,0.0,0,9069375,325,1.923076921597633,0,2500000000.0,0,2500000000.0,625,0,0.9999999996,4716075,27905.769209303253,0,36277500000000.0,0,36277500000000.0,9069375,14510.9999941956,0,1300000000.0,0
54,Without-pay,346709,1st-4th,2,Never-married,Tech-support,Other-relative,White,Female,0,0,20,England,0.0,0,18722286,108,26.999999865000003,0,5400000000.0,0,5400000000.0,1080,34,2.69999999865,693418,173354.4991332275,0,34670900000000.0,0,34670900000000.0,6934180,17335.449991332272,0,200000000.0,0
18,Federal-gov,130211,Masters,14,Married-AF-spouse,Armed-Forces,Unmarried,Asian-Pac-Islander,Female,0,2824,40,Puerto-Rico,0.0,0,2343798,252,1.2857142847959182,0,1800000000.0,50832,0.006373937677031254,720,-22,0.4499999998875,1822954,9300.785707642295,0,13021100000000.0,367715864,46.10871104799537,5208440,3255.274999186181,0,1400000000.0,0
55,State-gov,67152,Doctorate,16,Married-spouse-absent,Handlers-cleaners,Unmarried,Amer-Indian-Eskimo,Male,15024,0,38,India,9.617470759403409,1,3693360,880,3.437499997851562,826320,0.0036608093716695546,0,5500000000.0,2090,17,1.4473684206717452,1074432,4196.9999973768745,1008891648,4.469648562297344,0,6715200000000.0,2551776,1767.1578942718006,240384,0.0010649627263038704,0
42,Private,222852,12th,8,Separated,Transport-moving,Other-relative,Black,Female,99999,0,25,Canada,11.512925464970229,1,9359784,336,5.249999993437499,4199958,0.00042000420004195845,0,4200000000.0,1050,17,1.679999999328,1782816,27856.499965179373,22284977148,2.2285422854226313,0,22285200000000.0,5571300,8914.079996434368,799992,8.000080000799208e-05,0
46,Federal-gov,81745,5th-6th,3,Divorced,Craft-repair,Unmarried,Amer-Indian-Eskimo,Female,7688,2824,40,India,8.94754601503218,0,3760270,138,15.333333282222222,353648,0.00598335067637099,129904,0.016288951841302093,1840,6,1.1499999997124999,245235,27248.333242505556,628455560,10.63280437043362,230847880,28.94652974493999,3269800,2043.6249994890936,23064,0.00039021852237202103,0
50,Self-emp-not-inc,130872,HS-grad,9,Married-AF-spouse,Transport-moving,Other-relative,Asian-Pac-Islander,Male,0,2042,40,Dominican-Republic,0.0,0,6543600,450,5.555555549382715,0,5000000000.0,102100,0.02448579823690262,2000,10,1.2499999996875,1177848,14541.333317176295,0,13087200000000.0,267240624,64.09010773719838,5234880,3271.7999991820498,0,900000000.0,0
61,Self-emp-not-inc,327265,11th,7,Married-spouse-absent,Transport-moving,Not-in-family,Asian-Pac-Islander,Male,0,0,40,Dominican-Republic,0.0,0,19963165,427,8.714285701836735,0,6100000000.0,0,6100000000.0,2440,21,1.52499999961875,2290855,46752.14279035408,0,32726500000000.0,0,32726500000000.0,13090600,8181.624997954594,0,700000000.0,0
65,Without-pay,362378,5th-6th,3,Widowed,Handlers-cleaners,Unmarried,White,Female,7688,0,35,Philippines,8.94754601503218,0,23554570,195,21.666666594444447,499720,0.00845473465139379,0,6500000000.0,2275,30,1.8571428566122448,1087134,120792.66626402445,2785962064,47.13553590004275,0,36237800000000.0,12683230,10353.657139898954,23064,0.00039021852237202103,0
42,Self-emp-not-inc,169325,HS-grad,9,Married-AF-spouse,Armed-Forces,Not-in-family,White,Male,0,0,38,Canada,0.0,0,7111650,378,4.666666661481481,0,4200000000.0,0,4200000000.0,1596,4,1.105263157603878,1523925,18813.888867984566,0,16932500000000.0,0,16932500000000.0,6434350,4455.921051458968,0,900000000.0,0
23,Without-pay,394803,5th-6th,3,Never-married,Prof-specialty,Own-child,Black,Female,0,0,20,China,0.0,0,9080469,69,7.666666641111111,0,2300000000.0,0,2300000000.0,460,3,1.1499999994249999,1184409,131600.99956133,0,39480300000000.0,0,39480300000000.0,7896060,19740.149990129925,0,300000000.0,1
57,State-gov,157090,Some-college,10,Married-civ-spouse,Transport-moving,Wife,Amer-Indian-Eskimo,Female,5178,0,38,India,8.552367266423891,0,8954130,570,5.6999999943,295146,0.01100811123983969,0,5700000000.0,2166,19,1.499999999605263,1570900,15708.999984290998,813412020,30.337968327481,0,15709000000000.0,5969420,4133.947367333171,51780,0.0019312475859367879,0
29,Without-pay,284218,HS-grad,9,Divorced,Prof-specialty,Not-in-family,Amer-Indian-Eskimo,Female,0,0,35,South,0.0,0,8242322,261,3.222222218641975,0,2900000000.0,0,2900000000.0,1015,-6,0.8285714283346939,2557962,31579.777742689133,0,28421800000000.0,0,28421800000000.0,9947630,8120.514283394138,0,900000000.0,0
36,State-gov,181400,Preschool,1,Married-AF-spouse,Farming-fishing,Not-in-family,Asian-Pac-Islander,Male,99999,0,50,Canada,11.512925464970229,1,6530400,36,35.999999640000006,3599964,0.00036000360003596434,0,3600000000.0,1800,-14,0.7199999998559999,181400,181399.99818600004,18139818600,1.8140181401812205,0,18140000000000.0,9070000,3627.9999992744,99999,1.000010000099901e-05,0
30,Without-pay,313097,HS-grad,9,Married-civ-spouse,Prof-specialty,Wife,Black,Female,0,0,40,England,0.0,0,9392910,270,3.3333333296296295,0,3000000000.0,0,3000000000.0,1200,-10,0.7499999998125,2817873,34788.5555169016,0,31309700000000.0,0,31309700000000.0,12523880,7827.424998043143,0,900000000.0,0
29,Federal-gov,97837,Some-college,10,Separated,Exec-managerial,Other-relative,Amer-Indian-Eskimo,Female,0,2824,40,Japan,0.0,0,2837273,290,2.8999999970999997,0,2900000000.0,81896,0.010269121812994797,1160,-11,0.72499999981875,978370,9783.699990216299,0,9783700000000.0,276291688,34.64483002820593,3913480,2445.9249993885187,0,1000000000.0,1
54,Federal-gov,176264,Doctorate,16,Married-spouse-absent,Other-service,Other-relative,Black,Male,0,2042,55,Jamaica,0.0,0,9518256,864,3.3749999978906247,0,5400000000.0,110268,0.02644466209585483,2970,-1,0.9818181816396694,2820224,11016.499993114687,0,17626400000000.0,359931088,86.31929480858805,9694520,3204.799999417309,0,1600000000.0,1
20,Federal-gov,320209,5th-6th,3,Never-married,Tech-support,Own-child,Black,Male,0,0,38,China,0.0,0,6404180,60,6.666666644444445,0,2000000000.0,0,2000000000.0,760,-18,0.5263157893351801,960627,106736.33297754556,0,32020900000000.0,0,32020900000000.0,12167942,8426.552629361433,0,300000000.0,0
53,State-gov,155461,Preschool,1,Divorced,Adm-clerical,Unmarried,Amer-Indian-Eskimo,Female,0,0,60,Japan,0.0,0,8239433,53,52.999999470000006,0,5300000000.0,0,5300000000.0,3180,-7,0.8833333331861111,155461,155460.99844539003,0,15546100000000.0,0,15546100000000.0,9327660,2591.0166662348306,0,100000000.0,0
37,Local-gov,271986,11th,7,Widowed,Transport-moving,Not-in-family,Amer-Indian-Eskimo,Female,5178,0,55,United-States,8.552367266423891,0,10063482,259,5.285714278163265,191586,0.007145616067966115,0,3700000000.0,2035,-18,0.6727272726049587,1903902,38855.14280163551,1408343508,52.52723059086032,0,27198600000000.0,14959230,4945.199999100872,36246,0.0013518733101557515,0
50,Self-emp-not-inc,369713,11th,7,Married-spouse-absent,Tech-support,Unmarried,Amer-Indian-Eskimo,Male,0,0,45,South,0.0,0,18485650,350,7.142857132653061,0,5000000000.0,0,5000000000.0,2250,5,1.1111111108641976,2587991,52816.142781691226,0,36971300000000.0,0,36971300000000.0,16637085,8215.844442618702,0,700000000.0,1
64,State-gov,273490,Some-college,10,Married-AF-spouse,Machine-op-inspct,Not-in-family,White,Female,0,0,40,China,0.0,0,17503360,640,6.3999999936,0,6400000000.0,0,6400000000.0,2560,24,1.5999999996,2734900,27348.999972651,0,27349000000000.0,0,27349000000000.0,10939600,6837.2499982906875,0,1000000000.0,0
27,Local-gov,196049,Assoc-voc,11,Married-spouse-absent,Sales,Unmarried,Asian-Pac-Islander,Female,7688,0,25,El-Salvador,8.94754601503218,0,5293323,297,2.4545454523140493,207576,0.0035119667013481896,0,2700000000.0,675,2,1.0799999995679999,2156539,17822.636347433967,1507224712,25.500650364170784,0,19604900000000.0,4901225,7841.959996863216,84568,0.0014308012486974105,0
63,Without-pay,122767,HS-grad,9,Married-spouse-absent,Protective-serv,Not-in-family,Other,Female,0,0,60,China,0.0,0,7734321,567,6.999999992222222,0,6300000000.0,0,6300000000.0,3780,3,1.049999999825,1104903,13640.777762621357,0,12276700000000.0,0,12276700000000.0,7366020,2046.1166663256472,0,900000000.0,1
49,Without-pay,136530,9th,5,Divorced,Handlers-cleaners,Unmarried,Other,Female,0,0,60,England,0.0,0,6689970,245,9.7999999804,0,4900000000.0,0,4900000000.0,2940,-11,0.8166666665305555,682650,27305.999945388,0,13653000000000.0,0,13653000000000.0,8191800,2275.49999962075,0,500000000.0,0
43,Private,345170,7th-8th,4,Divorced,Machine-op-inspct,Not-in-family,White,Female,0,0,50,Philippines,0.0,0,14842310,172,10.749999973125,0,4300000000.0,0,4300000000.0,2150,-7,0.859999999828,1380680,86292.49978426876,0,34517000000000.0,0,34517000000000.0,17258500,6903.39999861932,0,400000000.0,0
37,Without-pay,197729,9th,5,Married-AF-spouse,Armed-Forces,Other-relative,Other,Female,14084,0,40,Philippines,9.552865680310473,1,7315973,185,7.3999999852,521108,0.002627094575402849,0,3700000000.0,1480,-3,0.92499999976875,988645,39545.7999209084,2784815236,14.039264413508917,0,19772900000000.0,7909160,4943.2249987641935,70420,0.00035501278045984447,1
47,Self-emp-not-inc,303849,Assoc-acdm,12,Widowed,Adm-clerical,Other-relative,Asian-Pac-Islander,Female,99999,0,50,Mexico,11.512925464970229,1,14280903,564,3.9166666634027774,4699953,0.0004700047000469535,0,4700000000.0,2350,-3,0.939999999812,3646188,25320.749978899374,30384596151,3.0385203852035483,0,30384900000000.0,15192450,6076.979998784604,1199988,0.00012000120001198812,0
65,Without-pay,189838,10th,6,Separated,Prof-specialty,Unmarried,White,Female,2174,0,45,Puerto-Rico,7.684783943522785,0,12339470,390,10.833333315277779,141310,0.02989880404770056,0,6500000000.0,2925,20,1.4444444441234567,1139028,31639.66661393389,412707812,87.32198712011352,0,18983800000000.0,8542710,4218.622221284751,13044,0.0027598896044031284,0
30,Private,147621,7th-8th,4,Married-AF-spouse,Prof-specialty,Unmarried,Amer-Indian-Eskimo,Male,99999,0,60,El-Salvador,11.512925464970229,1,4428630,120,7.49999998125,2999970,0.0003000030000299703,0,3000000000.0,1800,-30,0.49999999991666666,590484,36905.24990773688,14761952379,1.476224762247475,0,14762100000000.0,8857260,2460.3499995899415,399996,4.000040000399604e-05,1
40,Without-pay,145566,Some-college,10,Widowed,Armed-Forces,Other-relative,Asian-Pac-Islander,Female,0,0,55,Cuba,0.0,0,5822640,400,3.9999999959999997,0,4000000000.0,0,4000000000.0,2200,-15,0.7272727271404958,1455660,14556.5999854434,0,14556600000000.0,0,14556600000000.0,8006130,2646.6545449733353,0,1000000000.0,0
35,Self-emp-not-inc,92245,9th,5,Separated,Priv-house-serv,Unmarried,Asian-Pac-Islander,Male,0,0,45,India,0.0,0,3228575,175,6.999999986,0,3500000000.0,0,3500000000.0,1575,-10,0.7777777776049383,461225,18448.999963102,0,9224500000000.0,0,9224500000000.0,4151025,2049.888888433358,0,500000000.0,0
23,Local-gov,208767,12th,8,Never-married,Transport-moving,Own-child,Black,Male,0,0,55,Cuba,0.0,0,4801641,184,2.87499999640625,0,2300000000.0,0,2300000000.0,1265,-32,0.41818181810578514,1670136,26095.874967380154,0,20876700000000.0,0,20876700000000.0,11482185,3795.7636356734974,0,800000000.0,0
61,Federal-gov,203878,Bachelors,13,Married-spouse-absent,Transport-moving,Unmarried,Asian-Pac-Islander,Male,99999,0,25,China,11.512925464970229,1,12436558,793,4.692307688698224,6099939,0.0006100061000609396,0,6100000000.0,1525,36,2.4399999990239998,2650414,15682.92306485929,20387596122,2.038800388003676,0,20387800000000.0,5096950,8155.119996737952,1299987,0.00013000130001298714,0
53,Without-pay,195371,11th,7,Divorced,Armed-Forces,Unmarried,Asian-Pac-Islander,Male,0,2042,20,Jamaica,0.0,0,10354663,371,7.571428560612245,0,5300000000.0,108226,0.025954946131116773,1060,33,2.649999998675,1367597,27910.142817271226,0,19537100000000.0,398947582,95.67629774683803,3907420,9768.549995115725,0,700000000.0,0
41,Local-gov,207455,Assoc-voc,11,Separated,Transport-moving,Other-relative,Amer-Indian-Eskimo,Male,0,0,60,Canada,0.0,0,8505655,451,3.727272723884297,0,4100000000.0,0,4100000000.0,2460,-19,0.6833333332194444,2282005,18859.54543740041,0,20745500000000.0,0,20745500000000.0,12447300,3457.5833327570695,0,1100000000.0,0
40,Private,211700,HS-grad,9,Separated,Exec-managerial,Other-relative,Asian-Pac-Islander,Male,2174,0,55,Japan,7.684783943522785,0,8468000,360,4.444444439506173,86960,0.01839926402935419,0,4000000000.0,2200,-15,0.7272727271404958,1905300,23522.22219608642,460235800,97.37810487535705,0,21170000000000.0,11643500,3849.090908391074,19566,0.004139834406604693,0
21,Local-gov,112855,Assoc-acdm,12,Widowed,Armed-Forces,Other-relative,Asian-Pac-Islander,Male,0,0,40,Germany,0.0,0,2369955,252,1.7499999985416665,0,2100000000.0,0,2100000000.0,840,-19,0.52499999986875,1354260,9404.58332549618,0,11285500000000.0,0,11285500000000.0,4514200,2821.3749992946564,0,1200000000.0,1
40,Private,381964,Masters,14,Married-civ-spouse,Armed-Forces,Husband,White,Male,0,0,30,Puerto-Rico,0.0,0,15278560,560,2.857142855102041,0,4000000000.0,0,4000000000.0,1200,10,1.3333333328888888,5347496,27283.142837654897,0,38196400000000.0,0,38196400000000.0,11458920,12732.133329089289,0,1400000000.0,1
46,Federal-gov,333105,12th,8,Married-civ-spouse,Priv-house-serv,Wife,Other,Female,0,0,45,Cuba,0.0,0,15322830,368,5.7499999928125,0,4600000000.0,0,4600000000.0,2070,1,1.0222222219950616,2664840,41638.12494795234,0,33310500000000.0,0,33310500000000.0,14989725,7402.33333168837,0,800000000.0,0
37,State-gov,234450,9th,5,Married-spouse-absent,Machine-op-inspct,Unmarried,Other,Female,0,0,40,Mexico,0.0,0,8674650,185,7.3999999852,0,3700000000.0,0,3700000000.0,1480,-3,0.92499999976875,1172250,46889.99990622,0,23445000000000.0,0,23445000000000.0,9378000,5861.249998534688,0,500000000.0,0
54,Self-emp-inc,91434,HS-grad,9,Married-spouse-absent,Handlers-cleaners,Not-in-family,Other,Female,0,0,38,Canada,0.0,0,4937436,486,5.999999993333333,0,5400000000.0,0,5400000000.0,2052,16,1.421052631204986,822906,10159.333322045184,0,9143400000000.0,0,9143400000000.0,3474492,2406.157894103643,0,900000000.0,0
24,Self-emp-not-inc,330040,12th,8,Married-AF-spouse,Exec-managerial,Not-in-family,Amer-Indian-Eskimo,Male,0,0,60,United-States,0.0,0,7920960,192,2.9999999962499997,0,2400000000.0,0,2400000000.0,1440,-36,0.39999999993333335,2640320,41254.99994843124,0,33004000000000.0,0,33004000000000.0,19802400,5500.666665749889,0,800000000.0,1
53,Without-pay,216355,Some-college,10,Divorced,Machine-op-inspct,Unmarried,Other,Male,5178,0,50,Germany,8.552367266423891,0,11466815,530,5.299999994699999,274434,0.010235612205464976,0,5300000000.0,2650,3,1.059999999788,2163550,21635.4999783645,1120286190,41.783507145535374,0,21635500000000.0,10817750,4327.09999913458,51780,0.0019312475859367879,1
65,Local-gov,300804,Preschool,1,Married-spouse-absent,Priv-house-serv,Not-in-family,Other,Male,7688,0,55,South,8.94754601503218,0,19552260,65,64.99999935000001,499720,0.00845473465139379,0,6500000000.0,3575,10,1.1818181816033058,300804,300803.99699196004,2312581152,39.126430801197806,0,30080400000000.0,16544220,5469.163635369243,7688,0.0001300728407906737,1
65,State-gov,355084,7th-8th,4,Married-civ-spouse,Protective-serv,Wife,Amer-Indian-Eskimo,Female,0,2824,25,Jamaica,0.0,0,23080460,260,16.249999959375,0,6500000000.0,183560,0.023016997167057306,1625,40,2.59999999896,1420336,88770.9997780725,0,35508400000000.0,1002757216,125.7379603394981,8877100,14203.359994318656,0,400000000.0,1
49,Self-emp-inc,98786,Doctorate,16,Widowed,Priv-house-serv,Other-relative,Asian-Pac-Islander,Male,2174,0,20,Japan,7.684783943522785,0,4840514,784,3.0624999980859373,106526,0.022539098435958884,0,4900000000.0,980,29,2.449999998775,1580576,6174.124996141171,214760764,45.439742410094574,0,9878600000000.0,1975720,4939.29999753035,34784,0.007359705611741676,1
61,Self-emp-inc,267151,Some-college,10,Married-civ-spouse,Machine-op-inspct,Wife,Asian-Pac-Islander,Female,2174,2042,40,El-Salvador,7.684783943522785,0,16296211,610,6.099999993899999,132614,0.02805887764476514,124562,0.029872673849021193,2440,21,1.52499999961875,2671510,26715.099973284898,580786274,122.88454461765004,545522342,130.82810969573544,10686040,6678.7749983303065,21740,0.004599816007338548,0
41,Local-gov,263058,12th,8,Married-AF-spouse,Prof-specialty,Not-in-family,Asian-Pac-Islander,Male,0,0,45,England,0.0,0,10785378,328,5.124999993593749,0,4100000000.0,0,4100000000.0,1845,-4,0.9111111109086419,2104464,32882.249958897184,0,26305800000000.0,0,26305800000000.0,11837610,5845.733332034281,0,800000000.0,1
55,Federal-gov,111983,12th,8,Married-spouse-absent,Exec-managerial,Other-relative,Amer-Indian-Eskimo,Male,0,0,55,Jamaica,0.0,0,6159065,440,6.874999991406249,0,5500000000.0,0,5500000000.0,3025,0,0.9999999998181818,895864,13997.874982502655,0,11198300000000.0,0,11198300000000.0,6159065,2036.0545450843538,0,800000000.0,0
59,State-gov,378623,10th,6,Married-civ-spouse,Armed-Forces,Wife,Other,Female,7688,0,40,Dominican-Republic,8.94754601503218,0,22338757,354,9.833333316944445,453592,0.007674297606649747,0,5900000000.0,2360,19,1.47499999963125,2271738,63103.83322816028,2910853624,49.24856919868724,0,37862300000000.0,15144920,9465.574997633606,46128,0.0007804370447440421,0
46,Without-pay,104264,Some-college,10,Married-AF-spouse,Prof-specialty,Other-relative,Amer-Indian-Eskimo,Male,0,0,40,Puerto-Rico,0.0,0,4796144,460,4.599999995399999,0,4600000000.0,0,4600000000.0,1840,6,1.1499999997124999,1042640,10426.3999895736,0,10426400000000.0,0,10426400000000.0,4170560,2606.59999934835,0,1000000000.0,0
58,Local-gov,176124,Bachelors,13,Widowed,Priv-house-serv,Unmarried,Other,Male,0,2042,40,Jamaica,0.0,0,10215192,754,4.461538458106508,0,5800000000.0,118436,0.028403525954807034,2320,18,1.4499999996375,2289612,13547.99998957846,0,17612400000000.0,359645208,86.25073457352474,7044960,4403.099998899225,0,1300000000.0,1
65,Without-pay,258358,12th,8,Married-AF-spouse,Protective-serv,Not-in-family,Black,Female,0,0,55,South,0.0,0,16793270,520,8.124999989843749,0,6500000000.0,0,6500000000.0,3575,10,1.1818181816033058,2066864,32294.749959631557,0,25835800000000.0,0,25835800000000.0,14209690,4697.418180964106,0,800000000.0,1
53,Federal-gov,199075,Some-college,10,Never-married,Transport-moving,Unmarried,Other,Male,0,0,50,China,0.0,0,10550975,530,5.299999994699999,0,5300000000.0,0,5300000000.0,2650,3,1.059999999788,1990750,19907.4999800925,0,19907500000000.0,0,19907500000000.0,9953750,3981.4999992037,0,1000000000.0,0
18,Self-emp-not-inc,308952,Some-college,10,Never-married,Prof-specialty,Own-child,Black,Male,99999,0,45,China,11.512925464970229,1,5561136,180,1.7999999982,1799982,0.00018000180001798217,0,1800000000.0,810,-27,0.3999999999111111,3089520,30895.199969104797,30894891048,3.0895508955086464,0,30895200000000.0,13902840,6865.599998474311,999990,0.0001000010000099901,0
25,Federal-gov,127643,Bachelors,13,Married-civ-spouse,Adm-clerical,Husband,Asian-Pac-Islander,Male,0,1902,45,United-States,0.0,0,3191075,325,1.923076921597633,0,2500000000.0,47550,0.0131440588853147,1125,-20,0.5555555554320988,1659359,9818.692300139466,0,12764300000000.0,242776986,67.10988433192897,5743935,2836.511110480775,0,1300000000.0,1
41,Private,306170,Prof-school,15,Married-AF-spouse,Adm-clerical,Other-relative,White,Male,0,2042,40,England,0.0,0,12552970,615,2.733333331511111,0,4100000000.0,83722,0.020078354554260148,1640,1,1.02499999974375,4592550,20411.333319725778,0,30617000000000.0,625199140,149.9363369238495,12246800,7654.249998086438,0,1500000000.0,0
28,Federal-gov,246768,HS-grad,9,Never-married,Farming-fishing,Own-child,Asian-Pac-Islander,Male,0,1902,55,Cuba,0.0,0,6909504,252,3.1111111076543208,0,2800000000.0,53256,0.014721345951552466,1540,-27,0.5090909089983471,2220912,27418.66663620148,0,24676800000000.0,469352736,129.74132492045354,13572240,4486.690908275147,0,900000000.0,1
45,Self-emp-inc,99852,Assoc-voc,11,Separated,Handlers-cleaners,Unmarried,Other,Male,0,0,60,South,0.0,0,4493340,495,4.090909087190083,0,4500000000.0,0,4500000000.0,2700,-15,0.749999999875,1098372,9077.454537202313,0,9985200000000.0,0,9985200000000.0,5991120,1664.1999997226333,0,1100000000.0,0
21,Local-gov,190014,Doctorate,16,Divorced,Farming-fishing,Other-relative,Asian-Pac-Islander,Female,0,0,35,England,0.0,0,3990294,336,1.3124999991796875,0,2100000000.0,0,2100000000.0,735,-14,0.5999999998285714,3040224,11875.874992577577,0,19001400000000.0,0,19001400000000.0,6650490,5428.971427020294,0,1600000000.0,0
37,Federal-gov,281623,Bachelors,13,Never-married,Handlers-cleaners,Other-relative,Asian-Pac-Islander,Male,99999,0,40,Philippines,11.512925464970229,1,10420051,481,2.8461538439644967,3699963,0.0003700037000369634,0,3700000000.0,1480,-3,0.92499999976875,3661099,21663.30767564361,28162018377,2.8162581625813443,0,28162300000000.0,11264920,7040.5749982398565,1299987,0.00013000130001298714,0
65,Local-gov,116189,Masters,14,Separated,Handlers-cleaners,Other-relative,Black,Female,0,0,20,South,0.0,0,7552285,910,4.6428571395408165,0,6500000000.0,0,6500000000.0,1300,45,3.249999998375,1626646,8299.214279786274,0,11618900000000.0,0,11618900000000.0,2323780,5809.449997095275,0,1400000000.0,0
37,Without-pay,329291,1st-4th,2,Divorced,Sales,Not-in-family,Asian-Pac-Islander,Male,0,0,25,Jamaica,0.0,0,12183767,74,18.4999999075,0,3700000000.0,0,3700000000.0,925,12,1.479999999408,658582,164645.49917677252,0,32929100000000.0,0,32929100000000.0,8232275,13171.639994731344,0,200000000.0,0
47,Without-pay,219454,Preschool,1,Married-AF-spouse,Transport-moving,Other-relative,Amer-Indian-Eskimo,Female,99999,2824,50,Jamaica,11.512925464970229,1,10314338,47,46.99999953000001,4699953,0.0004700047000469535,132728,0.016643059490026053,2350,-3,0.939999999812,219454,219453.99780546004,21945180546,2.194561945619237,619738096,77.7103399430676,10972700,4389.079999122184,99999,1.000010000099901e-05,0
56,Local-gov,244269,Masters,14,Divorced,Armed-Forces,Other-relative,Black,Female,0,0,30,Cuba,0.0,0,13679064,784,3.999999997142857,0,5600000000.0,0,5600000000.0,1680,26,1.8666666660444444,3419766,17447.78570182301,0,24426900000000.0,0,24426900000000.0,7328070,8142.2999972859,0,1400000000.0,0
41,Local-gov,260442,10th,6,Married-AF-spouse,Adm-clerical,Not-in-family,White,Female,0,2042,45,United-States,0.0,0,10678122,246,6.833333321944444,0,4100000000.0,83722,0.020078354554260148,1845,-4,0.9111111109086419,1562652,43406.999927655,0,26044200000000.0,531822564,127.54260528830783,11719890,5787.599998713867,0,600000000.0,0
27,State-gov,267286,Assoc-voc,11,Married-civ-spouse,Sales,Husband,Black,Male,15024,0,40,India,9.617470759403409,1,7216722,297,2.4545454523140493,405648,0.0017971246006377815,0,2700000000.0,1080,-13,0.67499999983125,2940146,24298.72725063752,4015704864,17.79060170392852,0,26728600000000.0,10691440,6682.1499983294625,165264,0.0007321618743339109,0
54,Private,221928,12th,8,Married-spouse-absent,Other-service,Other-relative,Other,Male,0,0,45,Canada,0.0,0,11984112,432,6.7499999915624995,0,5400000000.0,0,5400000000.0,2430,9,1.1999999997333333,1775424,27740.999965323746,0,22192800000000.0,0,22192800000000.0,9986760,4931.7333322373925,0,800000000.0,0
53,Private,370362,1st-4th,2,Never-married,Handlers-cleaners,Other-relative,Asian-Pac-Islander,Male,0,2042,55,Cuba,0.0,0,19629186,106,26.4999998675,0,5300000000.0,108226,0.025954946131116773,2915,-2,0.963636363461157,740724,185180.99907409502,0,37036200000000.0,756279204,181.37218413231454,20369910,6733.854544230208,0,200000000.0,0
46,Without-pay,163911,Some-college,10,Widowed,Sales,Unmarried,White,Male,0,0,45,Jamaica,0.0,0,7539906,460,4.599999995399999,0,4600000000.0,0,4600000000.0,2070,1,1.0222222219950616,1639110,16391.0999836089,0,16391100000000.0,0,16391100000000.0,7375995,3642.4666658572296,0,1000000000.0,0
33,Self-emp-not-inc,220401,5th-6th,3,Married-AF-spouse,Farming-fishing,Unmarried,Other,Female,0,0,40,India,0.0,0,7273233,99,10.999999963333334,0,3300000000.0,0,3300000000.0,1320,-7,0.8249999997937499,661203,73466.99975511001,0,22040100000000.0,0,22040100000000.0,8816040,5510.0249986224935,0,300000000.0,0
64,Local-gov,384993,Bachelors,13,Married-spouse-absent,Adm-clerical,Other-relative,Black,Female,0,2824,38,India,0.0,0,24639552,832,4.92307691928994,0,6400000000.0,180736,0.022662889518333347,2432,26,1.6842105258725761,5004909,29614.8461310655,0,38499300000000.0,1087220232,136.32896600518296,14629734,10131.394734175949,0,1300000000.0,0
32,Local-gov,232873,12th,8,Never-married,Priv-house-serv,Other-relative,Amer-Indian-Eskimo,Female,2174,0,40,Mexico,7.684783943522785,0,7451936,256,3.9999999949999996,69568,0.014719411223483352,0,3200000000.0,1280,-8,0.7999999998,1862984,29109.12496361359,506265902,107.11729530769496,0,23287300000000.0,9314920,5821.824998544544,17392,0.003679852805870838,1
28,Private,249191,Bachelors,13,Married-spouse-absent,Prof-specialty,Not-in-family,Amer-Indian-Eskimo,Female,0,0,25,Dominican-Republic,0.0,0,6977348,364,2.153846152189349,0,2800000000.0,0,2800000000.0,700,3,1.119999999552,3239483,19168.53844679343,0,24919100000000.0,0,24919100000000.0,6229775,9967.639996012944,0,1300000000.0,0
53,Without-pay,264661,5th-6th,3,Divorced,Craft-repair,Other-relative,Black,Male,2174,0,40,Cuba,7.684783943522785,0,14027033,159,17.666666607777778,115222,0.0243790248388943,0,5300000000.0,2120,13,1.32499999966875,793983,88220.33303926556,575373014,121.73919043182273,0,26466100000000.0,10586440,6616.524998345869,6522,0.0013799448022015642,0
47,Self-emp-not-inc,336574,9th,5,Married-spouse-absent,Machine-op-inspct,Not-in-family,White,Female,0,0,55,China,0.0,0,15818978,235,9.3999999812,0,4700000000.0,0,4700000000.0,2585,-8,0.8545454543900827,1682870,67314.7998653704,0,33657400000000.0,0,33657400000000.0,18511570,6119.527271614631,0,500000000.0,0
46,Self-emp-not-inc,340414,1st-4th,2,Widowed,Craft-repair,Not-in-family,Black,Female,0,0,50,India,0.0,0,15659044,92,22.999999885,0,4600000000.0,0,4600000000.0,2300,-4,0.919999999816,680828,170206.999148965,0,34041400000000.0,0,34041400000000.0,17020700,6808.279998638344,0,200000000.0,1
37,Private,131235,1st-4th,2,Divorced,Prof-specialty,Unmarried,Amer-Indian-Eskimo,Male,0,0,30,Dominican-Republic,0.0,0,4855695,74,18.4999999075,0,3700000000.0,0,3700000000.0,1110,7,1.2333333329222222,262470,65617.4996719125,0,13123500000000.0,0,13123500000000.0,3937050,4374.4999985418335,0,200000000.0,0
48,State-gov,208434,9th,5,Married-civ-spouse,Farming-fishing,Wife,Other,Female,0,2824,40,Cuba,0.0,0,10004832,240,9.5999999808,0,4800000000.0,135552,0.016997167138750012,1920,8,1.1999999997,1042170,41686.7999166264,0,20843400000000.0,588617616,73.80807365412957,8337360,5210.849998697287,0,500000000.0,1
61,Self-emp-not-inc,164886,10th,6,Widowed,Priv-house-serv,Unmarried,Other,Female,0,2042,35,Jamaica,0.0,0,10058046,366,10.166666649722222,0,6100000000.0,124562,0.029872673849021193,2135,26,1.7428571423591837,989316,27480.999954198334,0,16488600000000.0,336697212,80.7473065617985,5771010,4711.028570082563,0,600000000.0,1
57,Self-emp-not-inc,274716,Prof-school,15,Widowed,Handlers-cleaners,Other-relative,Other,Male,0,0,55,Jamaica,0.0,0,15658812,855,3.7999999974666663,0,5700000000.0,0,5700000000.0,3135,2,1.0363636361752067,4120740,18314.3999877904,0,27471600000000.0,0,27471600000000.0,15109380,4994.8363627282115,0,1500000000.0,1
65,Local-gov,328189,12th,8,Never-married,Prof-specialty,Not-in-family,Asian-Pac-Islander,Male,5178,2824,25,England,8.552367266423891,0,21332285,520,8.124999989843749,336570,0.012553109308589121,183560,0.023016997167057306,1625,40,2.59999999896,2625512,41023.62494872046,1699362642,63.38142139810085,926805736,116.21423512706724,8204725,13127.559994748975,41424,0.0015449980687494303,0
25,Federal-gov,362417,Some-college,10,Divorced,Protective-serv,Other-relative,Black,Male,0,0,40,Mexico,0.0,0,9060425,250,2.4999999975,0,2500000000.0,0,2500000000.0,1000,-15,0.62499999984375,3624170,36241.6999637583,0,36241700000000.0,0,36241700000000.0,14496680,9060.424997734894,0,1000000000.0,0
35,Private,158046,Prof-school,15,Divorced,Tech-support,Unmarried,White,Male,15024,0,35,Germany,9.617470759403409,1,5531610,525,2.333333331777778,525840,0.0023296059637897167,0,3500000000.0,1225,0,0.9999999997142857,2370690,10536.399992975732,2374483104,10.519568690088844,0,15804600000000.0,5531610,4515.5999987098285,225360,0.0009984025559098785,0
29,Local-gov,88840,Masters,14,Married-civ-spouse,Armed-Forces,Wife,White,Female,0,0,40,Jamaica,0.0,0,2576360,406,2.0714285699489796,0,2900000000.0,0,2900000000.0,1160,-11,0.72499999981875,1243760,6345.714281181632,0,8884000000000.0,0,8884000000000.0,3553600,2220.99999944475,0,1400000000.0,0
31,Local-gov,285514,11th,7,Divorced,Adm-clerical,Other-relative,Amer-Indian-Eskimo,Male,7688,0,35,El-Salvador,8.94754601503218,0,8850934,217,4.428571422244898,238328,0.004032258064510884,0,3100000000.0,1085,-4,0.8857142854612244,1998598,40787.71422744612,2195031632,37.13761706550841,0,28551400000000.0,9992990,8157.542854812131,53816,0.0009105098855347158,1
33,Without-pay,251405,Masters,14,Separated,Exec-managerial,Not-in-family,Black,Male,0,0,38,Japan,0.0,0,8296365,462,2.3571428554591836,0,3300000000.0,0,3300000000.0,1254,-5,0.8684210524030471,3519670,17957.499987173214,0,25140500000000.0,0,25140500000000.0,9553390,6615.921050890547,0,1400000000.0,0
49,Without-pay,142215,10th,6,Separated,Other-service,Not-in-family,Black,Male,0,0,35,China,0.0,0,6968535,294,8.166666653055556,0,4900000000.0,0,4900000000.0,1715,14,1.3999999995999999,853290,23702.499960495832,0,14221500000000.0,0,14221500000000.0,4977525,4063.2857131247756,0,600000000.0,0
43,Self-emp-inc,345134,Assoc-acdm,12,Widowed,Farming-fishing,Other-relative,Other,Female,7688,0,60,Dominican-Republic,8.94754601503218,0,14840762,516,3.583333330347222,330584,0.005593132153998969,0,4300000000.0,2580,-17,0.7166666665472222,4141608,28761.166642699027,2653390192,44.892559833448374,0,34513400000000.0,20708040,5752.233332374628,92256,0.0015608740894880841,0
51,Local-gov,155988,5th-6th,3,Married-spouse-absent,Craft-repair,Not-in-family,Black,Female,0,0,45,Jamaica,0.0,0,7955388,153,16.999999943333332,0,5100000000.0,0,5100000000.0,2295,6,1.1333333330814814,467964,51995.99982668,0,15598800000000.0,0,15598800000000.0,7019460,3466.399999229689,0,300000000.0,0
43,Local-gov,252892,1st-4th,2,Never-married,Sales,Not-in-family,White,Female,0,0,45,Mexico,0.0,0,10874356,86,21.4999998925,0,4300000000.0,0,4300000000.0,1935,-2,0.9555555553432099,505784,126445.99936777001,0,25289200000000.0,0,25289200000000.0,11380140,5619.822220973373,0,200000000.0,0
42,Federal-gov,72178,Prof-school,15,Widowed,Adm-clerical,Other-relative,White,Male,0,0,40,China,0.0,0,3031476,630,2.799999998133333,0,4200000000.0,0,4200000000.0,1680,2,1.0499999997375,1082670,4811.866663458755,0,7217800000000.0,0,7217800000000.0,2887120,1804.4499995488875,0,1500000000.0,1
41,Without-pay,245374,7th-8th,4,Divorced,Craft-repair,Not-in-family,Asian-Pac-Islander,Female,0,0,25,Philippines,0.0,0,10060334,164,10.249999974375001,0,4100000000.0,0,4100000000.0,1025,16,1.639999999344,981496,61343.49984664125,0,24537400000000.0,0,24537400000000.0,6134350,9814.959996074016,0,400000000.0,1
54,Without-pay,336330,Bachelors,13,Separated,Tech-support,Unmarried,Black,Female,0,0,45,England,0.0,0,18161820,702,4.153846150650887,0,5400000000.0,0,5400000000.0,2430,9,1.1999999997333333,4372290,25871.538441637276,0,33633000000000.0,0,33633000000000.0,15134850,7473.999998339111,0,1300000000.0,0
46,Self-emp-not-inc,377950,5th-6th,3,Never-married,Exec-managerial,Not-in-family,Amer-Indian-Eskimo,Female,15024,0,35,Canada,9.617470759403409,1,17385700,138,15.333333282222222,691104,0.0030617678381236273,0,4600000000.0,1610,11,1.314285713910204,1133850,125983.33291338889,5678320800,25.15641640040924,0,37795000000000.0,13228250,10798.571425486121,45072,0.0001996805111819757,0
28,State-gov,193946,Doctorate,16,Married-spouse-absent,Prof-specialty,Other-relative,White,Female,0,2042,40,Cuba,0.0,0,5430488,448,1.74999999890625,0,2800000000.0,57176,0.013712047012665466,1120,-12,0.6999999998249999,3103136,12121.624992423984,0,19394600000000.0,396037732,94.9784524970863,7757840,4848.649998787838,0,1600000000.0,0
21,Private,297675,9th,5,Married-spouse-absent,Transport-moving,Not-in-family,Asian-Pac-Islander,Male,0,0,60,United-States,0.0,0,6251175,105,4.1999999916,0,2100000000.0,0,2100000000.0,1260,-39,0.34999999994166664,1488375,59534.99988093,0,29767500000000.0,0,29767500000000.0,17860500,4961.249999173125,0,500000000.0,1
26,Local-gov,122525,7th-8th,4,Divorced,Priv-house-serv,Other-relative,Other,Female,0,0,35,Cuba,0.0,0,3185650,104,6.49999998375,0,2600000000.0,0,2600000000.0,910,-9,0.742857142644898,490100,30631.249923421874,0,12252500000000.0,0,12252500000000.0,4288375,3500.7142847140817,0,400000000.0,0
28,Without-pay,220017,9th,5,Separated,Exec-managerial,Other-relative,White,Female,7688,0,55,India,8.94754601503218,0,6160476,140,5.5999999888000005,215264,0.003642039542138863,0,2800000000.0,1540,-27,0.5090909089983471,1100085,44003.3999119932,1691490696,28.61823621224165,0,22001700000000.0,12100935,4000.309090181762,38440,0.0006503642039533685,0
19,Private,167722,1st-4th,2,Separated,Handlers-cleaners,Not-in-family,Amer-Indian-Eskimo,Male,0,0,40,England,0.0,0,3186718,38,9.499999952500001,0,1900000000.0,0,1900000000.0,760,-21,0.47499999988124997,335444,83860.999580695,0,16772200000000.0,0,16772200000000.0,6708880,4193.0499989517375,0,200000000.0,0
40,Without-pay,130147,1st-4th,2,Married-spouse-absent,Sales,Unmarried,White,Male,0,0,50,Jamaica,0.0,0,5205880,80,19.999999900000002,0,4000000000.0,0,4000000000.0,2000,-10,0.79999999984,260294,65073.499674632505,0,13014700000000.0,0,13014700000000.0,6507350,2602.939999479412,0,200000000.0,1
40,Without-pay,172453,Preschool,1,Never-married,Machine-op-inspct,Not-in-family,Other,Female,0,1902,40,United-States,0.0,0,6898120,40,39.99999960000001,0,4000000000.0,76080,0.02103049421650352,1600,0,0.99999999975,172453,172452.99827547002,0,17245300000000.0,328005606,90.66929547796704,6898120,4311.324998922169,0,100000000.0,0
28,Federal-gov,294745,9th,5,Married-AF-spouse,Farming-fishing,Not-in-family,Amer-Indian-Eskimo,Female,0,0,45,China,0.0,0,8252860,140,5.5999999888000005,0,2800000000.0,0,2800000000.0,1260,-17,0.6222222220839506,1473725,58948.999882102,0,29474500000000.0,0,29474500000000.0,13263525,6549.888887433358,0,500000000.0,0
59,Federal-gov,65878,Some-college,10,Married-AF-spouse,Transport-moving,Other-relative,Black,Female,0,2042,55,Mexico,0.0,0,3886802,590,5.8999999941,0,5900000000.0,120478,0.02889324191954509,3245,4,1.0727272725322314,658780,6587.7999934122,0,6587800000000.0,134522876,32.26150832501341,3623290,1197.7818179640396,0,1000000000.0,1
45,State-gov,219167,Prof-school,15,Widowed,Armed-Forces,Not-in-family,Asian-Pac-Islander,Male,0,0,30,South,0.0,0,9862515,675,2.999999998,0,4500000000.0,0,4500000000.0,1350,15,1.4999999995,3287505,14611.133323592578,0,21916700000000.0,0,21916700000000.0,6575010,7305.566664231477,0,1500000000.0,1
20,Federal-gov,253762,Prof-school,15,Married-civ-spouse,Machine-op-inspct,Wife,Amer-Indian-Eskimo,Female,0,0,30,Canada,0.0,0,5075240,300,1.3333333324444443,0,2000000000.0,0,2000000000.0,600,-10,0.6666666664444444,3806430,16917.466655388354,0,25376200000000.0,0,25376200000000.0,7612860,8458.733330513754,0,1500000000.0,1
24,Federal-gov,329311,9th,5,Married-spouse-absent,Armed-Forces,Not-in-family,Amer-Indian-Eskimo,Female,14084,0,40,Cuba,9.552865680310473,1,7903464,120,4.7999999904,338016,0.0017040613462072534,0,2400000000.0,960,-16,0.59999999985,1646555,65862.1998682756,4638016124,23.381922749202367,0,32931100000000.0,13172440,8232.774997941806,70420,0.00035501278045984447,0
24,Local-gov,76821,Bachelors,13,Separated,Exec-managerial,Unmarried,Black,Male,0,0,40,India,0.0,0,1843704,312,1.8461538447337278,0,2400000000.0,0,2400000000.0,960,-16,0.59999999985,998673,5909.307687762071,0,7682100000000.0,0,7682100000000.0,3072840,1920.5249995198687,0,1300000000.0,0
38,Without-pay,259952,Masters,14,Married-spouse-absent,Armed-Forces,Unmarried,Black,Male,2174,0,55,United-States,7.684783943522785,0,9878176,532,2.7142857123469386,82612,0.01747930082788648,0,3800000000.0,2090,-17,0.6909090907834711,3639328,18567.99998673714,565135648,119.573137073967,0,25995200000000.0,14297360,4726.3999991406545,30436,0.006439742410273967,1
47,Self-emp-not-inc,177700,HS-grad,9,Married-civ-spouse,Transport-moving,Husband,Black,Male,0,0,40,India,0.0,0,8351900,423,5.222222216419753,0,4700000000.0,0,4700000000.0,1880,7,1.17499999970625,1599300,19744.44442250617,0,17770000000000.0,0,17770000000000.0,7108000,4442.499998889375,0,900000000.0,0
22,Local-gov,381914,5th-6th,3,Married-civ-spouse,Farming-fishing,Wife,Black,Female,0,0,50,Puerto-Rico,0.0,0,8402108,66,7.333333308888889,0,2200000000.0,0,2200000000.0,1100,-28,0.439999999912,1145742,127304.66624231778,0,38191400000000.0,0,38191400000000.0,19095700,7638.279998472344,0,300000000.0,1
52,State-gov,147680,9th,5,Married-spouse-absent,Other-service,Not-in-family,Amer-Indian-Eskimo,Male,0,0,40,England,0.0,0,7679360,260,10.3999999792,0,5200000000.0,0,5200000000.0,2080,12,1.299999999675,738400,29535.999940928,0,14768000000000.0,0,14768000000000.0,5907200,3691.9999990769998,0,500000000.0,0
41,Self-emp-not-inc,85249,10th,6,Widowed,Tech-support,Other-relative,Amer-Indian-Eskimo,Male,0,0,30,South,0.0,0,3495209,246,6.833333321944444,0,4100000000.0,0,4100000000.0,1230,11,1.366666666211111,511494,14208.166642986389,0,8524900000000.0,0,8524900000000.0,2557470,2841.633332386122,0,600000000.0,1
22,Private,315990,5th-6th,3,Separated,Transport-moving,Unmarried,Amer-Indian-Eskimo,Female,14084,0,40,China,9.552865680310473,1,6951780,66,7.333333308888889,309848,0.0015620562340233157,0,2200000000.0,880,-18,0.5499999998625,947970,105329.9996489,4450403160,22.43609769950125,0,31599000000000.0,12639600,7899.749998025062,42252,0.00021300766827590667,0
23,Local-gov,309467,Bachelors,13,Separated,Sales,Unmarried,Other,Female,0,0,38,Mexico,0.0,0,7117741,299,1.7692307678698225,0,2300000000.0,0,2300000000.0,874,-15,0.605263157735457,4023071,23805.153827842187,0,30946700000000.0,0,30946700000000.0,11759746,8143.868418909508,0,1300000000.0,1
54,Without-pay,168325,Prof-school,15,Never-married,Sales,Unmarried,Black,Male,15024,2042,50,Japan,9.617470759403409,1,9089550,810,3.5999999976,811296,0.003594249201275563,110268,0.02644466209585483,2700,4,1.079999999784,2524875,11221.666659185556,2528914800,11.203740681568688,343719650,82.43143976453266,8416250,3366.4999993267,225360,0.0009984025559098785,1
38,Self-emp-inc,348375,Doctorate,16,Separated,Adm-clerical,Unmarried,Other,Female,0,0,50,Philippines,0.0,0,13238250,608,2.3749999985156247,0,3800000000.0,0,3800000000.0,1900,-12,0.759999999848,5574000,21773.437486391602,0,34837500000000.0,0,34837500000000.0,17418750,6967.4999986064995,0,1600000000.0,1
20,Without-pay,115260,7th-8th,4,Married-AF-spouse,Exec-managerial,Not-in-family,Amer-Indian-Eskimo,Male,99999,0,38,Japan,11.512925464970229,1,2305200,80,4.9999999875,1999980,0.0002000020000199802,0,2000000000.0,760,-18,0.5263157893351801,461040,28814.9999279625,11525884740,1.152611526115146,0,11526000000000.0,4379880,3033.1578939386427,399996,4.000040000399604e-05,0
55,Federal-gov,86185,Assoc-voc,11,Married-civ-spouse,Handlers-cleaners,Husband,White,Male,0,0,20,Mexico,0.0,0,4740175,605,4.999999995454545,0,5500000000.0,0,5500000000.0,1100,35,2.749999998625,948035,7834.999992877272,0,8618500000000.0,0,8618500000000.0,1723700,4309.249997845375,0,1100000000.0,0
36,Self-emp-inc,306131,7th-8th,4,Widowed,Priv-house-serv,Other-relative,White,Male,99999,0,45,Cuba,11.512925464970229,1,11020716,144,8.9999999775,3599964,0.00036000360003596434,0,3600000000.0,1620,-9,0.7999999998222223,1224524,76532.74980866813,30612793869,3.061340613405828,0,30613100000000.0,13775895,6802.911109599353,399996,4.000040000399604e-05,0
62,Private,324707,5th-6th,3,Never-married,Handlers-cleaners,Not-in-family,Other,Male,0,1902,40,Dominican-Republic,0.0,0,20131834,186,20.666666597777777,0,6200000000.0,117924,0.032597266035580455,2480,22,1.5499999996125,974121,108235.66630588111,0,32470700000000.0,617592714,170.7187171389552,12988280,8117.674997970581,0,300000000.0,0
42,Private,94541,Assoc-voc,11,Separated,Prof-specialty,Unmarried,Asian-Pac-Islander,Female,0,1902,50,Jamaica,0.0,0,3970722,462,3.8181818147107434,0,4200000000.0,79884,0.0220820189273287,2100,-8,0.839999999832,1039951,8594.636355823057,0,9454100000000.0,179816982,49.70609884306148,4727050,1890.819999621836,0,1100000000.0,1
23,Self-emp-inc,205000,Doctorate,16,Separated,Adm-clerical,Not-in-family,Other,Male,0,0,55,Germany,0.0,0,4715000,368,1.4374999991015625,0,2300000000.0,0,2300000000.0,1265,-32,0.41818181810578514,3280000,12812.499991992187,0,20500000000000.0,0,20500000000000.0,11275000,3727.272726595041,0,1600000000.0,0
29,Self-emp-not-inc,58273,7th-8th,4,Married-civ-spouse,Other-service,Husband,Amer-Indian-Eskimo,Male,0,1902,40,United-States,0.0,0,1689917,116,7.249999981875,0,2900000000.0,55158,0.015247108306965053,1160,-11,0.72499999981875,233092,14568.249963579376,0,5827300000000.0,110835246,30.63774973695774,2330920,1456.8249996357938,0,400000000.0,1
65,Local-gov,107266,7th-8th,4,Separated,Sales,Unmarried,Black,Male,7688,0,30,India,8.94754601503218,0,6972290,260,16.249999959375,499720,0.00845473465139379,0,6500000000.0,1950,35,2.1666666659444442,429064,26816.49993295875,824661008,13.952393340252403,0,10726600000000.0,3217980,3575.5333321414887,30752,0.0005202913631626948,0
42,Without-pay,391267,Masters,14,Widowed,Machine-op-inspct,Unmarried,Black,Female,0,0,55,Puerto-Rico,0.0,0,16433214,588,2.9999999978571426,0,4200000000.0,0,4200000000.0,2310,-13,0.7636363634975206,5477738,27947.642837180254,0,39126700000000.0,0,39126700000000.0,21519685,7113.945453252009,0,1400000000.0,1
29,Self-emp-inc,136268,Doctorate,16,Divorced,Protective-serv,Unmarried,Other,Male,5178,0,38,El-Salvador,8.552367266423891,0,3951772,464,1.8124999988671875,150162,0.005600617999216685,0,2900000000.0,1102,-9,0.763157894536011,2180288,8516.749994677031,705595704,26.316724604043422,0,13626800000000.0,5178184,3585.9999990563156,82848,0.0030899961374988606,0
55,Without-pay,71597,Assoc-acdm,12,Widowed,Other-service,Other-relative,White,Male,15024,0,50,Cuba,9.617470759403409,1,3937835,660,4.583333329513889,826320,0.0036608093716695546,0,5500000000.0,2750,5,1.09999999978,859164,5966.416661694652,1075673328,4.765508519698638,0,7159700000000.0,3579850,1431.939999713612,180288,0.0007987220447279028,0
23,Without-pay,207263,5th-6th,3,Married-AF-spouse,Transport-moving,Not-in-family,Asian-Pac-Islander,Female,7688,0,38,Puerto-Rico,8.94754601503218,0,4767049,69,7.666666641111111,176824,0.002991675338185495,0,2300000000.0,874,-15,0.605263157735457,621789,69087.66643637445,1593437944,26.9592872007974,0,20726300000000.0,7875994,5454.289472248871,23064,0.00039021852237202103,0
35,Local-gov,281649,Doctorate,16,Married-civ-spouse,Prof-specialty,Husband,Other,Male,99999,0,30,Philippines,11.512925464970229,1,9857715,560,2.1874999986328123,3499965,0.00035000350003496535,0,3500000000.0,1050,5,1.1666666662777778,4506384,17603.062488998086,28164618351,2.81651816518137,0,28164900000000.0,8449470,9388.299996870566,1599984,0.00016000160001598417,0
28,Self-emp-inc,180111,9th,5,Married-AF-spouse,Handlers-cleaners,Other-relative,Asian-Pac-Islander,Male,0,0,55,El-Salvador,0.0,0,5043108,140,5.5999999888000005,0,2800000000.0,0,2800000000.0,1540,-27,0.5090909089983471,900555,36022.199927955604,0,18011100000000.0,0,18011100000000.0,9906105,3274.7454539500463,0,500000000.0,1
29,Federal-gov,250529,Doctorate,16,Married-AF-spouse,Protective-serv,Other-relative,Other,Male,99999,0,40,Japan,11.512925464970229,1,7265341,464,1.8124999988671875,2899971,0.0002900029000289713,0,2900000000.0,1160,-11,0.72499999981875,4008464,15658.06249021371,25052649471,2.505315053150281,0,25052900000000.0,10021160,6263.224998434193,1599984,0.00016000160001598417,0
50,Without-pay,183408,Prof-school,15,Separated,Farming-fishing,Unmarried,White,Female,0,0,40,Puerto-Rico,0.0,0,9170400,750,3.333333331111111,0,5000000000.0,0,5000000000.0,2000,10,1.2499999996875,2751120,12227.199991848533,0,18340800000000.0,0,18340800000000.0,7336320,4585.1999988537,0,1500000000.0,1
54,Self-emp-inc,249295,1st-4th,2,Divorced,Tech-support,Unmarried,Other,Male,0,0,25,Canada,0.0,0,13461930,108,26.999999865000003,0,5400000000.0,0,5400000000.0,1350,29,2.1599999991359997,498590,124647.49937676251,0,24929500000000.0,0,24929500000000.0,6232375,9971.79999601128,0,200000000.0,0
48,Without-pay,121569,Preschool,1,Divorced,Adm-clerical,Not-in-family,White,Female,15024,0,60,Mexico,9.617470759403409,1,5835312,48,47.99999952000001,721152,0.003194888178911611,0,4800000000.0,2880,-12,0.7999999998666667,121569,121568.99878431002,1826452656,8.091653354627201,0,12156900000000.0,7294140,2026.1499996623083,15024,6.65601703939919e-05,1
55,Self-emp-inc,364787,Some-college,10,Widowed,Transport-moving,Unmarried,Amer-Indian-Eskimo,Female,0,0,38,Cuba,0.0,0,20063285,550,5.4999999944999995,0,5500000000.0,0,5500000000.0,2090,17,1.4473684206717452,3647870,36478.6999635213,0,36478700000000.0,0,36478700000000.0,13861906,9599.657892210616,0,1000000000.0,1
28,Local-gov,244622,Doctorate,16,Married-AF-spouse,Protective-serv,Unmarried,White,Male,0,2824,40,Puerto-Rico,0.0,0,6849416,448,1.74999999890625,0,2800000000.0,79072,0.00991501416427084,1120,-12,0.6999999998249999,3913952,15288.874990444452,0,24462200000000.0,690812528,86.62252124615219,9784880,6115.549998471112,0,1600000000.0,0
19,Federal-gov,359588,HS-grad,9,Married-spouse-absent,Sales,Other-relative,White,Female,0,0,25,United-States,0.0,0,6832172,171,2.111111108765432,0,1900000000.0,0,1900000000.0,475,-6,0.759999999696,3236292,39954.22217782864,0,35958800000000.0,0,35958800000000.0,8989700,14383.519994246592,0,900000000.0,1
23,Local-gov,203019,Doctorate,16,Divorced,Machine-op-inspct,Other-relative,Amer-Indian-Eskimo,Male,0,0,60,Japan,0.0,0,4669437,368,1.4374999991015625,0,2300000000.0,0,2300000000.0,1380,-37,0.38333333326944447,3248304,12688.68749206957,0,20301900000000.0,0,20301900000000.0,12181140,3383.6499994360584,0,1600000000.0,0
33,Local-gov,137969,Prof-school,15,Divorced,Transport-moving,Not-in-family,Black,Female,0,0,40,Puerto-Rico,0.0,0,4552977,495,2.1999999985333334,0,3300000000.0,0,3300000000.0,1320,-7,0.8249999997937499,2069535,9197.933327201377,0,13796900000000.0,0,13796900000000.0,5518760,3449.224999137694,0,1500000000.0,1
38,Local-gov,385436,Prof-school,15,Married-spouse-absent,Machine-op-inspct,Other-relative,Asian-Pac-Islander,Male,0,0,45,El-Salvador,0.0,0,14646568,570,2.533333331644444,0,3800000000.0,0,3800000000.0,1710,-7,0.8444444442567901,5781540,25695.733316202844,0,38543600000000.0,0,38543600000000.0,17344620,8565.244442541056,0,1500000000.0,1
44,Without-pay,81018,Assoc-acdm,12,Married-spouse-absent,Machine-op-inspct,Unmarried,White,Female,0,0,55,Canada,0.0,0,3564792,528,3.6666666636111107,0,4400000000.0,0,4400000000.0,2420,-11,0.7999999998545454,972216,6751.499994373749,0,8101800000000.0,0,8101800000000.0,4455990,1473.0545451867174,0,1200000000.0,0
18,Federal-gov,54052,Some-college,10,Divorced,Sales,Unmarried,Other,Female,0,0,25,Jamaica,0.0,0,972936,180,1.7999999982,0,1800000000.0,0,1800000000.0,450,-7,0.719999999712,540520,5405.199994594799,0,5405200000000.0,0,5405200000000.0,1351300,2162.079999135168,0,1000000000.0,0
55,Self-emp-not-inc,105917,1st-4th,2,Never-married,Priv-house-serv,Unmarried,Other,Female,0,0,40,Germany,0.0,0,5825435,110,27.4999998625,0,5500000000.0,0,5500000000.0,2200,15,1.37499999965625,211834,52958.4997352075,0,10591700000000.0,0,10591700000000.0,4236680,2647.9249993380186,0,200000000.0,0
38,Federal-gov,311740,Some-college,10,Separated,Craft-repair,Other-relative,Other,Female,0,0,55,Jamaica,0.0,0,11846120,380,3.7999999961999995,0,3800000000.0,0,3800000000.0,2090,-17,0.6909090907834711,3117400,31173.999968825996,0,31174000000000.0,0,31174000000000.0,17145700,5667.999998969454,0,1000000000.0,1
57,Private,110517,12th,8,Married-AF-spouse,Transport-moving,Unmarried,Black,Male,0,0,38,Jamaica,0.0,0,6299469,456,7.124999991093749,0,5700000000.0,0,5700000000.0,2166,19,1.499999999605263,884136,13814.624982731717,0,11051700000000.0,0,11051700000000.0,4199646,2908.3421044978045,0,800000000.0,0
64,Private,176980,9th,5,Married-civ-spouse,Other-service,Wife,Black,Female,15024,0,30,Puerto-Rico,9.617470759403409,1,11326720,320,12.7999999744,961536,0.0042598509052154815,0,6400000000.0,1920,34,2.133333332622222,884900,35395.999929208,2658947520,11.779818956328686,0,17698000000000.0,5309400,5899.333331366889,75120,0.0003328008519699595,0
65,Self-emp-not-inc,179647,Bachelors,13,Widowed,Prof-specialty,Not-in-family,White,Male,99999,0,20,Germany,11.512925464970229,1,11677055,845,4.9999999961538455,6499935,0.0006500065000649357,0,6500000000.0,1300,45,3.249999998375,2335411,13818.999989369999,17964520353,1.7964879648794692,0,17964700000000.0,3592940,8982.349995508825,1299987,0.00013000130001298714,1
38,Federal-gov,317583,Assoc-acdm,12,Married-AF-spouse,Craft-repair,Other-relative,White,Female,14084,0,25,China,9.552865680310473,0,12068154,456,3.1666666640277774,535192,0.002698097131494818,0,3800000000.0,950,13,1.519999999392,3810996,26465.249977945623,4472838972,22.549204771355758,0,31758300000000.0,7939575,12703.319994918671,169008,0.0008520306731036267,0
34,Without-pay,182262,Some-college,10,Separated,Sales,Unmarried,White,Female,0,0,40,China,0.0,0,6196908,340,3.3999999965999996,0,3400000000.0,0,3400000000.0,1360,-6,0.8499999997875,1822620,18226.1999817738,0,18226200000000.0,0,18226200000000.0,7290480,4556.549998860863,0,1000000000.0,0
41,Local-gov,239213,Assoc-acdm,12,Widowed,Craft-repair,Not-in-family,Black,Male,0,0,20,South,0.0,0,9807733,492,3.416666663819444,0,4100000000.0,0,4100000000.0,820,21,2.0499999989749997,2870556,19934.416650054653,0,23921300000000.0,0,23921300000000.0,4784260,11960.649994019674,0,1200000000.0,0
22,Self-emp-inc,174782,Bachelors,13,Married-spouse-absent,Sales,Not-in-family,Other,Male,0,0,45,India,0.0,0,3845204,286,1.6923076910059172,0,2200000000.0,0,2200000000.0,990,-23,0.4888888887802469,2272166,13444.769220427099,0,17478200000000.0,0,17478200000000.0,7865190,3884.0444435813233,0,1300000000.0,1
56,Without-pay,203709,1st-4th,2,Never-married,Priv-house-serv,Not-in-family,Black,Male,0,0,45,England,0.0,0,11407704,112,27.999999860000003,0,5600000000.0,0,5600000000.0,2520,11,1.2444444441679012,407418,101854.49949072751,0,20370900000000.0,0,20370900000000.0,9166905,4526.8666656606965,0,200000000.0,0
48,Federal-gov,267905,12th,8,Divorced,Exec-managerial,Other-relative,Other,Female,0,0,40,India,0.0,0,12859440,384,5.999999992499999,0,4800000000.0,0,4800000000.0,1920,8,1.1999999997,2143240,33488.12495813984,0,26790500000000.0,0,26790500000000.0,10716200,6697.624998325594,0,800000000.0,0
38,Private,262353,11th,7,Widowed,Farming-fishing,Other-relative,Amer-Indian-Eskimo,Female,0,0,25,Jamaica,0.0,0,9969414,266,5.4285714208163265,0,3800000000.0,0,3800000000.0,950,13,1.519999999392,1836471,37478.99994645857,0,26235300000000.0,0,26235300000000.0,6558825,10494.119995802352,0,700000000.0,0
65,State-gov,173138,Preschool,1,Divorced,Exec-managerial,Other-relative,Amer-Indian-Eskimo,Male,15024,0,25,India,9.617470759403409,1,11253970,65,64.99999935000001,976560,0.004326411075609474,0,6500000000.0,1625,40,2.59999999896,173138,173137.99826862002,2601225312,11.52409478167497,0,17313800000000.0,4328450,6925.519997229791,15024,6.65601703939919e-05,0
54,Local-gov,90310,10th,6,Married-civ-spouse,Transport-moving,Husband,Asian-Pac-Islander,Male,0,0,40,Philippines,0.0,0,4876740,324,8.999999985,0,5400000000.0,0,5400000000.0,2160,14,1.3499999996625,541860,15051.666641580556,0,9031000000000.0,0,9031000000000.0,3612400,2257.7499994355626,0,600000000.0,0
30,Without-pay,282328,Assoc-voc,11,Widowed,Other-service,Unmarried,Black,Female,0,0,25,Cuba,0.0,0,8469840,330,2.727272724793388,0,3000000000.0,0,3000000000.0,750,5,1.19999999952,3105608,25666.181794848922,0,28232800000000.0,0,28232800000000.0,7058200,11293.119995482752,0,1100000000.0,0
41,Self-emp-inc,298821,Bachelors,13,Never-married,Handlers-cleaners,Other-relative,Black,Male,99999,0,50,Germany,11.512925464970229,1,12251661,533,3.153846151420118,4099959,0.0004100041000409594,0,4100000000.0,2050,-9,0.819999999836,3884673,22986.23075154905,29881801179,2.9882398823985254,0,29882100000000.0,14941050,5976.419998804716,1299987,0.00013000130001298714,1
51,Private,296486,11th,7,Never-married,Adm-clerical,Other-relative,Other,Male,7688,0,40,South,8.94754601503218,0,15120786,357,7.285714275306122,392088,0.006633714880324358,0,5100000000.0,2040,11,1.27499999968125,2075402,42355.14279663551,2279384368,38.56477627466368,0,29648600000000.0,11859440,7412.149998146962,53816,0.0009105098855347158,0
53,Without-pay,195391,Doctorate,16,Separated,Priv-house-serv,Unmarried,Black,Male,0,0,55,China,0.0,0,10355723,848,3.312499997929687,0,5300000000.0,0,5300000000.0,2915,-2,0.963636363461157,3126256,12211.937492367539,0,19539100000000.0,0,19539100000000.0,10746505,3552.5636357177154,0,1600000000.0,0
50,Without-pay,279734,Assoc-voc,11,Never-married,Prof-specialty,Not-in-family,Black,Male,0,0,30,Puerto-Rico,0.0,0,13986700,550,4.5454545413223135,0,5000000000.0,0,5000000000.0,1500,20,1.6666666661111111,3077074,25430.36361324512,0,27973400000000.0,0,27973400000000.0,8392020,9324.46666355851,0,1100000000.0,0
59,Federal-gov,207227,1st-4th,2,Married-spouse-absent,Protective-serv,Other-relative,Asian-Pac-Islander,Female,0,0,30,El-Salvador,0.0,0,12226393,118,29.4999998525,0,5900000000.0,0,5900000000.0,1770,29,1.966666666011111,414454,103613.49948193251,0,20722700000000.0,0,20722700000000.0,6216810,6907.566664364144,0,200000000.0,0
39,Federal-gov,395999,Doctorate,16,Married-AF-spouse,Armed-Forces,Other-relative,Asian-Pac-Islander,Female,0,1902,50,China,0.0,0,15443961,624,2.437499998476562,0,3900000000.0,74178,0.020504731861090933,1950,-11,0.779999999844,6335984,24749.93748453129,0,39599900000000.0,753190098,208.20136698102945,19799950,7919.979998416004,0,1600000000.0,1
53,State-gov,193272,Doctorate,16,Married-AF-spouse,Farming-fishing,Other-relative,Amer-Indian-Eskimo,Male,0,0,30,England,0.0,0,10243416,848,3.312499997929687,0,5300000000.0,0,5300000000.0,1590,23,1.7666666660777777,3092352,12079.499992450312,0,19327200000000.0,0,19327200000000.0,5798160,6442.3999978525335,0,1600000000.0,0
19,Self-emp-not-inc,170410,Bachelors,13,Never-married,Transport-moving,Own-child,Other,Female,0,0,40,South,0.0,0,3237790,247,1.461538460414201,0,1900000000.0,0,1900000000.0,760,-21,0.47499999988124997,2215330,13108.461528378106,0,17041000000000.0,0,17041000000000.0,6816400,4260.249998934937,0,1300000000.0,0
